antecedents,consequents,antecedent support,consequent support,support,confidence,lift,representativity,leverage,conviction,zhangs_metric,jaccard,certainty,kulczynski,antecedents_str,consequents_str,rule_str
frozenset({'JUMBO BAG PINK POLKADOT'}),frozenset({'JUMBO BAG RED RETROSPOT'}),0.06431385605682259,0.10737472948227068,0.04356029077187725,0.6773080241587576,6.307890389335902,1.0,0.03665460787581423,2.766183659171252,0.8993062454529728,0.33997401472498917,0.6384911042748335,0.5414963893403607,JUMBO BAG PINK POLKADOT,JUMBO BAG RED RETROSPOT,JUMBO BAG PINK POLKADOT → JUMBO BAG RED RETROSPOT
frozenset({'JUMBO BAG RED RETROSPOT'}),frozenset({'JUMBO BAG PINK POLKADOT'}),0.10737472948227068,0.06431385605682259,0.04356029077187725,0.4056847545219638,6.307890389335902,1.0,0.03665460787581423,1.5743936422000417,0.9426894138274291,0.33997401472498917,0.3648348334266581,0.5414963893403607,JUMBO BAG RED RETROSPOT,JUMBO BAG PINK POLKADOT,JUMBO BAG RED RETROSPOT → JUMBO BAG PINK POLKADOT
